did,director_name
1,James Cameron
2,Gore Verbinski
3,Sam Mendes
4,Christopher Nolan
5,Doug Walker
6,Andrew Stanton
7,Sam Raimi
8,Nathan Greno
9,Joss Whedon
10,David Yates
11,Zack Snyder
12,Bryan Singer
13,Marc Forster
14,Andrew Adamson
15,Rob Marshall
16,Barry Sonnenfeld
17,Peter Jackson
18,Marc Webb
19,Ridley Scott
20,Chris Weitz
21,Anthony Russo
22,Peter Berg
23,Colin Trevorrow
24,Shane Black
25,Tim Burton
26,Brett Ratner
27,Dan Scanlon
28,Michael Bay
29,Joseph Kosinski
30,John Lasseter
31,Martin Campbell
32,Lee Unkrich
33,McG
34,James Wan
35,J.J. Abrams
36,Baz Luhrmann
37,Mike Newell
38,Guillermo del Toro
39,Steven Spielberg
40,Peter Sohn
41,Mark Andrews
42,Justin Lin
43,Roland Emmerich
44,Robert Zemeckis
45,Lana Wachowski
46,Pete Docter
47,Rob Letterman
48,Jon Favreau
49,Martin Scorsese
50,Rob Cohen
51,David Ayer
52,Tom Shadyac
53,Doug Liman
54,Kevin Reynolds
55,Stephen Sommers
56,Rupert Sanders
57,Robert Stromberg
58,Matt Reeves
59,Roland Joffé
60,Carl Rinsch
61,Mike Mitchell
62,Brad Bird
63,Don Hall
64,Rich Moore
65,Dean DeBlois
66,Jonathan Mostow
67,James Gunn
68,Hideaki Anno
69,David Fincher
70,Matthew Vaughn
71,Francis Lawrence
72,Jon Turteltaub
73,Wolfgang Petersen
74,James Bobin
75,Chris Miller
76,Duncan Jones
77,Alan Taylor
78,Michael Apted
79,Oliver Stone
80,Eric Darnell
81,Shawn Levy
82,Gavin Hood
83,Chris Buck
84,George Miller
85,Ron Howard
86,Kenneth Branagh
87,Byron Howard
88,Hoyt Yeatman
89,Jonathan Liebesman
90,Christopher McQuarrie
91,Joe Johnston
92,Steve Hickner
93,Jennifer Yuh Nelson
94,M. Night Shyamalan
95,Simon Wells
96,David Bowers
97,Joe Wright
98,Rob Minkoff
99,Lee Tamahori
100,Paul Feig
101,Alessandro Carloni
102,Peter Ramsey
103,Dean Parisot
104,Edward Zwick
105,Alex Proyas
106,Richard Donner
107,Ang Lee
108,Jon M. Chu
109,Breck Eisner
110,Hironobu Sakaguchi
111,Peter Weir
112,Bill Condon
113,Louis Leterrier
114,unknown
115,Alejandro G. Iñárritu
116,David Soren
117,Paul Greengrass
118,Mark Osborne
119,Peyton Reed
120,Tim Johnson
121,Phillip Noyce
122,Darren Aronofsky
123,Alfonso Cuarón
124,Eric Leighton
125,Matt Birch
126,Tom McGrath
127,Chris Columbus
128,Robert Schwentke
129,Carlos Saldanha
130,Guy Ritchie
131,Paul Verhoeven
132,John McTiernan
133,Tony Gilroy
134,Joel Schumacher
135,John Woo
136,Tim Story
137,Mark Steven Johnson
138,Neill Blomkamp
139,David Twohy
140,José Padilha
141,James L. Brooks
142,James Mangold
143,George Lucas
144,Kirk De Micco
145,Frédéric Forestier
146,Cedric Nicolas-Troyan
147,Roger Donaldson
148,Dave Green
149,Josh Trank
150,Brad Peyton
151,Roger Spottiswoode
152,Steven Soderbergh
153,Michel Gondry
154,Noam Murro
155,Raja Gosnell
156,Will Finn
157,Jan de Bont
158,Len Wiseman
159,Frank Coraci
160,Michael Mann
161,Bo Welch
162,Ron Clements
163,Christopher Barnard
164,Peter Chelsom
165,Dominic Sena
166,Tony Scott
167,Paul Weitz
168,Adam McKay
169,Chuck Russell
170,Quentin Tarantino
171,Gary Trousdale
172,Mark Dindal
173,Simon West
174,Stefen Fangmeier
175,Spike Jonze
176,Chris Wedge
177,Florian Henckel von Donnersmarck
178,Peter Hyams
179,Tom Tykwer
180,Pitof
181,Brad Silberling
182,Patrick Hughes
183,Ericson Core
184,Lawrence Guterman
185,Ron Underwood
186,Steve Martino
187,David Mamet
188,Yimou Zhang
189,Ash Brannon
190,Frank Oz
191,Jay Roach
192,Luc Besson
193,Michael Patrick King
194,Bibo Bergeron
195,Sergey Bodrov
196,Wally Pfister
197,Rupert Wyatt
198,Mark Waters
199,John Moore
200,John Lee Hancock
201,Renny Harlin
202,Phil Lord
203,Ben Stiller
204,Tony Bancroft
205,Timur Bekmambetov
206,Walt Becker
207,Dennis Dugan
208,Sydney Pollack
209,Thor Freudenthal
210,Brian De Palma
211,Mick Jackson
212,Alan J. Pakula
213,Kathryn Bigelow
214,John Milius
215,Andrey Konchalovskiy
216,Gary Ross
217,Paul W.S. Anderson
218,Genndy Tartakovsky
219,Kevin Lima
220,Daniel Espinosa
221,Nancy Meyers
222,Roger Allers
223,Neil Burger
224,Jean-Jacques Annaud
225,Sarah Smith
226,Martin Brest
227,Andrew Davis
228,Bob Fosse
229,Tarsem Singh
230,Edgar Wright
231,Jon Amiel
232,Peter Segal
233,Pete Travis
234,George A. Romero
235,Sylvester Stallone
236,Todd Phillips
237,Gary Winick
238,Mimi Leder
239,Seth Gordon
240,Adam Shankman
241,D.J. Caruso
242,Anthony Minghella
243,Albert Hughes
244,Les Mayfield
245,Joe Pytka
246,Scott Derrickson
247,Ivan Reitman
248,Eric Brevig
249,Kelly Asbury
250,Stephen Hopkins
251,Jonathan Demme
252,Henry Jaglom
253,James Algar
254,Vincent Ward
255,Steven Brill
256,Terry Gilliam
257,Lucile Hadzihalilovic
258,Barry Cook
259,Roger Christian
260,Joe Dante
261,Kevin Costner
262,Antony Hoffman
263,Jacques Perrin
264,Andrés Couturier
265,Cody Cameron
266,John Singleton
267,Oliver Hirschbiegel
268,Des McAnuff
269,Yarrow Cheney
270,Stephen Norrington
271,Pierre Coffin
272,David Kellogg
273,Mike Nichols
274,F. Gary Gray
275,Antoine Fuqua
276,Robert Luketic
277,Gil Kenan
278,Barry Levinson
279,Jerry Zucker
280,Andy Tennant
281,Florent-Emilio Siri
282,Don Bluth
283,Ron Shelton
284,David Pastor
285,Henry Selick
286,Kyle Balda
287,Clay Kaytis
288,Judd Apatow
289,Steve Carr
290,Mel Gibson
291,David Silverman
292,Frank Darabont
293,Betty Thomas
294,Garry Marshall
295,Paul Tibbitt
296,Clark Johnson
297,Cameron Crowe
298,Randall Wallace
299,Jonathan Frakes
300,George Clooney
301,Gary Shore
302,Andrzej Bartkowiak
303,Måns Mårlind
304,Gregory Hoblit
305,Gary McKendry
306,Wych Kaosayananda
307,Mikael Salomon
308,Bobby Farrelly
309,Kerry Conran
310,Michael Caton-Jones
311,Mikael Håfström
312,Phil Alden Robinson
313,David Slade
314,Joseph Ruben
315,Seth MacFarlane
316,Alejandro Amenábar
317,Kinka Usher
318,Craig Gillespie
319,Rob Bowman
320,Doug Lefler
321,Scott Waugh
322,Lawrence Kasdan
323,Michael Lembeck
324,Tom Hooper
325,Nora Ephron
326,Angelina Jolie Pitt
327,Clint Eastwood
328,Larry Charles
329,Stanley Kubrick
330,Will Gluck
331,Glenn Ficarra
332,David S. Goyer
333,Taylor Hackford
334,Michael Lehmann
335,Stuart Beattie
336,Roman Polanski
337,Frank Miller
338,Baltasar Kormákur
339,Daniel Lee
340,Keenen Ivory Wayans
341,Rob Reiner
342,Marco Schnabel
343,Demian Lichtenstein
344,Josh Gordon
345,Tim Hill
346,David Frankel
347,Brenda Chapman
348,Marc Lawrence
349,Peter Billingsley
350,Wes Ball
351,Ryan Murphy
352,Robert Redford
353,Jay Russell
354,Kenny Ortega
355,David McNally
356,Brian Robbins
357,Brian Levant
358,Steven Zaillian
359,Chris Butler
360,Jon Avnet
361,Sam Fell
362,Kevin Donovan
363,Geoff Murphy
364,David O. Russell
365,Babak Najafi
366,Jean-Pierre Jeunet
367,Graham Annable
368,Griffin Dunne
369,John Pasquin
370,Ruben Fleischer
371,Harold Ramis
372,Kevin Macdonald
373,Donald Petrie
374,Jorge Blanco
375,Stuart Baird
376,Joel Coen
377,Robert Lorenz
378,Harold Becker
379,Scott Stewart
380,Patrick Gilmore
381,Tony Bill
382,Rod Lurie
383,Walter Hill
384,Akiva Goldsman
385,Harald Zwart
386,Walter Salles
387,Iain Softley
388,David Koepp
389,Uwe Boll
390,Pou-Soi Cheang
391,John Dahl
392,Tim Miller
393,Stephen Herek
394,Peter MacDonald
395,Anthony Hemingway
396,Sean Anders
397,Mark Neveldine
398,John Madden
399,Kevin Bray
400,Mike Gabriel
401,Sam Weisman
402,Jesse Dylan
403,Wayne Wang
404,Gabriele Muccino
405,Tom Dey
406,Jimmy Hayward
407,Alan Parker
408,John Frankenheimer
409,Paul King
410,Akiva Schaffer
411,William Friedkin
412,Kent Alterman
413,Peter Lord
414,Shekhar Kapur
415,Karyn Kusama
416,Ron Maxwell
417,Robert Butler
418,Karey Kirkpatrick
419,Steve Antin
420,Jim Gillespie
421,Francis Ford Coppola
422,Richard Lester
423,Scott Cooper
424,Robert Rodriguez
425,Curtis Hanson
426,Phyllida Lloyd
427,Jay Chandrasekhar
428,Terrence Malick
429,David Dobkin
430,Milos Forman
431,Pierre Morel
432,Paul Hunter
433,Steve Oedekerk
434,John Whitesell
435,George Nolfi
436,Neil Jordan
437,Rawson Marshall Thurber
438,Spike Lee
439,Brian Helgeland
440,Frank Marshall
441,Hideo Nakata
442,Peter Hewitt
443,Joe Roth
444,Bennett Miller
445,Jaume Collet-Serra
446,Andy Fickman
447,James McTeigue
448,Matthew O'Callaghan
449,Angela Robinson
450,Gary Fleder
451,Tommy Wirkola
452,Adrian Lyne
453,Stephen Gaghan
454,Jorge R. Gutiérrez
455,Richard Loncraine
456,Christophe Gans
457,Howard Deutch
458,Jon Hurwitz
459,Steven Quale
460,John Landis
461,Alexander Witt
462,Beeban Kidron
463,Carl Franklin
464,Steven Seagal
465,Danny Boyle
466,Andrew Bergman
467,Barbet Schroeder
468,Peter Webber
469,Andrew Niccol
470,John Carpenter
471,Wes Anderson
472,David Cronenberg
473,John Stockwell
474,David Gordon Green
475,Jim Sheridan
476,Costa-Gavras
477,Patrick Read Johnson
478,Richard LaGravenese
479,Danny DeVito
480,George Armitage
481,Patrick Lussier
482,James Wong
483,Richard Curtis
484,Chuck Bowman
485,Olivier Megaton
486,Deepa Mehta
487,Warren Beatty
488,Penny Marshall
489,Ted Kotcheff
490,Andrei Tarkovsky
491,Paul Bolger
492,Stephen Frears
493,P.J. Hogan
494,Brad Furman
495,Terence Young
496,David Zucker
497,Denis Villeneuve
498,Thomas Carter
499,Roger Michell
500,Luis Llosa
501,Melville Shavelson
502,Garth Jennings
503,Joel Zwick
504,Russell Mulcahy
505,David R. Ellis
506,Peter Howitt
507,John A. Davis
508,David Lynch
509,Julie Taymor
510,Mathieu Kassovitz
511,John Gray
512,John Schultz
513,Sean Penn
514,Susan Stroman
515,Simon Wincer
516,Billy Bob Thornton
517,Danny Pang
518,George P. Cosmatos
519,Oliver Parker
520,Lawrence Kasanoff
521,Ben Affleck
522,Brian Gibson
523,Norman Ferguson
524,Michael Cimino
525,Paul McGuigan
526,Gus Van Sant
527,Roger Kumble
528,Burr Steers
529,John Hamburg
530,Reginald Hudlin
531,Joseph L. Mankiewicz
532,Barbra Streisand
533,Mark Pellington
534,John Glen
535,Catherine Hardwicke
536,John Herzfeld
537,Annabel Jankel
538,Julie Anne Robinson
539,Evan Goldberg
540,Sngmoo Lee
541,Jamel Debbouze
542,Gordon Chan
543,Asger Leth
544,John G. Avildsen
545,Anne Fletcher
546,Bruce Beresford
547,Sam Taylor-Johnson
548,Ken Kwapis
549,Wes Craven
550,Etan Cohen
551,Nick Cassavetes
552,Nicholas Stoller
553,Mark A.Z. Dippé
554,Cal Brunker
555,Nimród Antal
556,Alejandro Agresti
557,Peter Hedges
558,Paul Weiland
559,Colin Strause
560,Joan Chen
561,Greg Mottola
562,Jake Kasdan
563,Diane Keaton
564,Kelly Makin
565,Stephen Daldry
566,Christian Duguay
567,Justin Chadwick
568,Pat O'Connor
569,Frederik Du Chau
570,Irwin Winkler
571,Joseph Kahn
572,Sofia Coppola
573,Stephen Kay
574,J.A. Bayona
575,Elaine May
576,Dennie Gordon
577,Charles Shyer
578,Ulu Grosbard
579,William Malone
580,Malcolm D. Lee
581,Jerry Jameson
582,Mic Rodgers
583,Christian Alvart
584,Jean-Marie Poiré
585,Marc F. Adler
586,Geoffrey Sax
587,Richard Shepard
588,Peter Ho-Sun Chan
589,Joon-ho Bong
590,Jeff Nathanson
591,S.S. Rajamouli
592,Charles S. Dutton
593,Jonathan Lynn
594,David Carson
595,Kar-Wai Wong
596,Yuefeng Song
597,Norman Jewison
598,David Mirkin
599,Luis Mandoki
600,Lee Daniels
601,Jeb Stuart
602,Steve Miner
603,Paul Thomas Anderson
604,David Leland
605,J Blakeson
606,Ryan Coogler
607,Kirk Jones
608,Ethan Coen
609,Jennifer Flackett
610,Kevin Smith
611,Christian Ditter
612,Charles Martin Smith
613,Fedor Bondarchuk
614,Irvin Kershner
615,Steve Pink
616,Scott Hicks
617,Chris Rock
618,Wilson Yip
619,Robert Wise
620,Kevin Rodney Sullivan
621,Kevin Munroe
622,Michael Tollin
623,Patrick Tatopoulos
624,Gary David Goldberg
625,Tobe Hooper
626,Alan Poul
627,Luke Greenfield
628,Gil Junger
629,Michael Ritchie
630,Steven E. de Souza
631,Alexandre Aja
632,Michael Rymer
633,Hugh Wilson
634,Mike Hodges
635,Scott Mann
636,Susanna White
637,Chris Carter
638,Tommy O'Haver
639,Peter Landesman
640,Gary Chapman
641,Craig Mazin
642,Allen Hughes
643,Kimble Rendall
644,Peter Yates
645,Lasse Hallström
646,Jean-Marc Vallée
647,Hark Tsui
648,Lexi Alexander
649,Ronny Yu
650,Bille August
651,Moustapha Akkad
652,Jean-Paul Rappeneau
653,Joachim Rønning
654,Tony Kaye
655,Ken Scott
656,Hugh Johnson
657,Hayao Miyazaki
658,George Tillman Jr.
659,Rand Ravich
660,Hugh Hudson
661,Jeremy Degruson
662,Chris Gorak
663,Scott Speer
664,Joe Charbanic
665,Jonathan Hensleigh
666,Danny Cannon
667,Boaz Yakin
668,Richard Marquand
669,Neil Marshall
670,David Wain
671,Jared Hess
672,Rupert Wainwright
673,John Luessenhop
674,Justin Zackham
675,John Gatins
676,Miguel Sapochnik
677,Hyung-rae Shim
678,Don Scardino
679,Tim Robbins
680,Tom Reeve
681,Nanette Burstein
682,Ariel Vromen
683,Lewis Gilbert
684,John Francis Daley
685,J.B. Rogers
686,Michael Sucsy
687,Tom Vaughan
688,Stephen Hillenburg
689,Stig Bergqvist
690,Jason Reitman
691,Alexander Payne
692,Jonathan Levine
693,Rian Johnson
694,Chris Noonan
695,Michael McCullers
696,Forest Whitaker
697,Woody Allen
698,Peter Lepeniotis
699,Ted Demme
700,William Shatner
701,Steve Box
702,James Gartner
703,Lee Toland Krieger
704,Tim McCanlies
705,Drew Goddard
706,Jason Friedberg
707,Paul Michael Glaser
708,John R. Leonetti
709,Tom Hanks
710,Kimberly Peirce
711,Liz Friedlander
712,Phil Joanou
713,Shane Acker
714,Martha Coolidge
715,Stephen J. Anderson
716,Troy Miller
717,Tate Taylor
718,Brett Leonard
719,Alister Grierson
720,Nick Hurran
721,Charles Stone III
722,Paul Haggis
723,Kurt Wimmer
724,Jean-François Richet
725,Kevin Hooks
726,Ellory Elkayem
727,Niki Caro
728,Vincenzo Natali
729,Willard Huyck
730,Gavin O'Connor
731,Bruce Hunt
732,Chris Roberts
733,Jee-woon Kim
734,Nick Hamm
735,Andy Cadiff
736,Mike Disa
737,Richard J. Lewis
738,Sergio Leone
739,Niels Arden Oplev
740,Michael Radford
741,Steve Boyum
742,Kaige Chen
743,Corey Yuen
744,Andrew Dominik
745,Li Zhang
746,Laurent Tirard
747,Reinhard Klooss
748,Frédéric Auburtin
749,Olivier Dahan
750,Maksim Fadeev
751,Liliana Cavani
752,Greg Tiernan
753,Elizabeth Banks
754,Edward Norton
755,Ben Falcone
756,Richard Attenborough
757,Don Mancini
758,John Maybury
759,Igor Kovalyov
760,Shinji Aramaki
761,Miguel Arteta
762,James Gray
763,Janusz Kaminski
764,Robert B. Weide
765,Jeff Wadlow
766,Agustín Díaz Yanes
767,Camille Delamarre
768,David Lean
769,Richard Eyre
770,Nicholas Meyer
771,Callie Khouri
772,Sanaa Hamri
773,Todd Graff
774,Philip Kaufman
775,Saul Dibb
776,Walter Murch
777,Richard Linklater
778,E. Elias Merhige
779,Menno Meyjes
780,Jodie Foster
781,Scott Frank
782,Kevin Allen
783,Michael Cristofer
784,Andrew Morahan
785,Bob Rafelson
786,Michael Cohn
787,Alan Shapiro
788,Fernando Meirelles
789,Michael Hoffman
790,Oleg Stepchenko
791,Michael Winterbottom
792,Michael Pressman
793,Sharon Maguire
794,Charles Herman-Wurmfeld
795,Gabor Csupo
796,Tyler Perry
797,Joe Carnahan
798,John Polson
799,Bernardo Bertolucci
800,Cathy Malkasian
801,John Eng
802,Chris Nahon
803,Fred Wolf
804,Bille Woodruff
805,Victor Salva
806,Mark Helfrich
807,Steve Bendelack
808,Dwight H. Little
809,Guillaume Canet
810,Kirsten Sheridan
811,Richard Fleischer
812,Bob Spiers
813,Damien Dante Wayans
814,John Wells
815,Tim Fywell
816,Nigel Cole
817,Dexter Fletcher
818,Jeremy Leven
819,Sylvain White
820,Troy Nixey
821,Philip G. Atwell
822,Jeff Schaffer
823,Don Michael Paul
824,James Bridges
825,Steve Barron
826,Bill Paxton
827,Richard Kelly
828,Carter Smith
829,John Schlesinger
830,Ringo Lam
831,Bruce McCulloch
832,Patricia Riggen
833,Pascal Chaumeil
834,Jonathan Kaplan
835,Ole Bornedal
836,Richard Benjamin
837,Craig R. Baxley
838,John Hillcoat
839,John Guillermin
840,Marcos Siega
841,Rachel Talalay
842,Jeffrey W. Byrd
843,Atom Egoyan
844,Robert Towne
845,Giuseppe Tornatore
846,Werner Herzog
847,Ben Stassen
848,Jérôme Deschamps
849,Inna Evlannikova
850,Jonathan English
851,Sergey Bondarchuk
852,Teddy Chan
853,Mario Van Peebles
854,Leonard Nimoy
855,Herbert Ross
856,Bonnie Hunt
857,Neil LaBute
858,Grant Heslov
859,George Gallo
860,Sidney Lumet
861,Douglas McGrath
862,Kevin Spacey
863,Richard Williams
864,Mary McGuckian
865,Tony Goldwyn
866,Jonathan Newman
867,Michael Dinner
868,Joseph Sargent
869,Jerry Zaks
870,Fred Durst
871,Anne Fontaine
872,Jon Cassar
873,Mira Nair
874,Mel Brooks
875,Russell Crowe
876,Jessie Nelson
877,Christopher Spencer
878,Mike Bigelow
879,Daniel Sackheim
880,Harry Elfont
881,Uli Edel
882,Fred Dekker
883,Brian Trenchard-Smith
884,Blake Edwards
885,Laurence Dunmore
886,Christian Carion
887,David Palmer
888,Rowan Joffe
889,John Curran
890,Juan José Campanella
891,Trey Parker
892,Stuart Gillard
893,Katt Shea
894,Joshua Michael Stern
895,Tomas Alfredson
896,John Duigan
897,Colin Higgins
898,Jim Sonzero
899,Penelope Spheeris
900,Jeff Tremaine
901,Jeannot Szwarc
902,Steve McQueen
903,Thea Sharrock
904,Jon Lucas
905,Aaron Seltzer
906,Robin Budd
907,Ava DuVernay
908,Steve Trenbirth
909,Mennan Yapo
910,Jun Falkenstein
911,Tom McCarthy
912,Takashi Shimizu
913,Gary Nelson
914,Anton Corbijn
915,Gregory Nava
916,John Patrick Shanley
917,Joshua Logan
918,Steve Beck
919,Todd Strauss-Schulson
920,John McNaughton
921,Nelson McCormick
922,Eric Valette
923,Andrew Fleming
924,Michael Spierig
925,Jim Field Smith
926,Thomas Bezucha
927,William Brent Bell
928,Anthony Bell
929,Jessica Bendinger
930,Henry Joost
931,Ed Harris
932,Alfred Hitchcock
933,Shana Feste
934,Steve Rash
935,Mike Binder
936,Michael J. Bassett
937,Frank Nissen
938,Stephen Chow
939,Peter Hastings
940,Paul Abascal
941,Chris Koch
942,Amy Heckerling
943,Michael Moore
944,George Stevens
945,Billy Ray
946,Mark Mylod
947,James Mather
948,Michael O. Sajbel
949,Charles T. Kanganis
950,Damon Santostefano
951,Bob Clark
952,Dave Borthwick
953,Benson Lee
954,Glen Morgan
955,Mike Leigh
956,Alejandro Monteverde
957,Jonathan Glazer
958,J.C. Chandor
959,Paul Gross
960,Marc Abraham
961,Todd Haynes
962,Mabrouk El Mechri
963,Charlie Kaufman
964,Nancy Walker
965,Angelo Pizzo
966,Matthew Diamond
967,Katsuhiro Ôtomo
968,David Anspaugh
969,Andrew Jarecki
970,Daniel Algrant
971,Jane Clark
972,Mike Barker
973,Wayne Thornley
974,Gnana Rajasekaran
975,Tom Walsh
976,Jonathan Jakubowicz
977,Scott Walker
978,Mark Rosman
979,Rob Hawk
980,Britt Allcroft
981,Alan Yuen
982,Brian Percival
983,Anand Tucker
984,Anthony Mann
985,Michael Dowse
986,Daniel Barnz
987,Emile Ardolino
988,Robert Altman
989,James Schamus
990,Andrew Douglas
991,Ricky Gervais
992,Vic Armstrong
993,Terry Zwigoff
994,Audrey Wells
995,Rick Friedberg
996,Sean McNamara
997,Jody Hill
998,Brandon Camp
999,Kevin Tancharoen
1000,Nicholas Hytner
1001,Bart Freundlich
1002,William A. Fraker
1003,John Boorman
1004,Courtney Solomon
1005,Jeff Kanew
1006,István Szabó
1007,Matthew Robbins
1008,Hal Needham
1009,Jeff Nichols
1010,Jonathan Teplitzky
1011,Michael Haneke
1012,Zack Ward
1013,Mike Marvin
1014,Gregor Jordan
1015,Tran Anh Hung
1016,Lance Hool
1017,Christian Volckman
1018,Rodrigo Cortés
1019,David Hayter
1020,Cory Edwards
1021,Terry George
1022,Xavier Gens
1023,Kasi Lemmons
1024,Brian A Miller
1025,Matt Dillon
1026,George Cukor
1027,John Hoffman
1028,Kevin Greutert
1029,John Fortenberry
1030,Erik White
1031,Chris Robinson
1032,Jason Moore
1033,Robert Harmon
1034,Trent Cooper
1035,Gary Halvorson
1036,Nicholas Ray
1037,Fede Alvarez
1038,Sidney J. Furie
1039,Ian Iqbal Rashid
1040,Wayne Kramer
1041,Rowdy Herrington
1042,Jim Goddard
1043,Noel Marshall
1044,Andrea Di Stefano
1045,Guillaume Ivernel
1046,Jack Smight
1047,Todd Lincoln
1048,Howard Zieff
1049,Steven Shainberg
1050,Julian Jarrold
1051,Joe Nussbaum
1052,Vadim Perelman
1053,Peter Farrelly
1054,Michel Hazanavicius
1055,Cyrus Nowrasteh
1056,Perry Andelin Blake
1057,Christian E. Christiansen
1058,Sheldon Lettich
1059,Diane English
1060,Peter Flinth
1061,Robert Iscove
1062,Peter Kosminsky
1063,Nick Gomez
1064,Allen Coulter
1065,Clare Kilner
1066,Josef Rusnak
1067,Lance Rivera
1068,Ronald Neame
1069,Bruce Paltrow
1070,Adam Rifkin
1071,Susanne Bier
1072,Kenneth Johnson
1073,James Ivory
1074,Jessy Terrero
1075,Dany Boon
1076,Vicente Amorim
1077,Gaspar Noé
1078,Jérôme Salle
1079,Tommy Lee Jones
1080,Jesse Vaughan
1081,William Bindley
1082,Wayne Beach
1083,Gérard Krawczyk
1084,Udayan Prasad
1085,JK Youn
1086,Morten Tyldum
1087,Andrés Muschietti
1088,Gillian Armstrong
1089,James Watkins
1090,Jim Fall
1091,Ric Roman Waugh
1092,Michael Dougherty
1093,Joel Gallen
1094,James Marsh
1095,Matt Williams
1096,Rob Zombie
1097,Dennis Iliadis
1098,Rick Rosenthal
1099,Denzel Washington
1100,Nicolas Winding Refn
1101,Sara Sugarman
1102,Juan Carlos Fresnadillo
1103,Gina Prince-Bythewood
1104,Phil Traill
1105,Joe Berlinger
1106,Elizabeth Allen Rosenbaum
1107,Michael Mayer
1108,Martin Weisz
1109,John Ottman
1110,John Bonito
1111,Peter Atencio
1112,David Nutter
1113,Derek Cianfrance
1114,Stephan Elliott
1115,Mark L. Lester
1116,Tom Green
1117,Mike Nawrocki
1118,Catherine Owens
1119,Douglas Aarniokoski
1120,Bryan Barber
1121,Lone Scherfig
1122,Drew Barrymore
1123,Brian Koppelman
1124,James Foley
1125,Albert Brooks
1126,Steve Gomer
1127,RZA
1128,Mark Piznarski
1129,Craig Brewer
1130,David Raynr
1131,Mort Nathan
1132,Dan Curtis
1133,Wil Shriner
1134,Martin McDonagh
1135,Tina Gordon Chism
1136,Peter Cattaneo
1137,Vicky Jenson
1138,Mary Lambert
1139,Peter Kassovitz
1140,Rodman Flender
1141,Katja von Garnier
1142,Mark Romanek
1143,Brad Anderson
1144,Michael Chapman
1145,Antonio Banderas
1146,Khalil Sullins
1147,Fritz Lang
1148,Hsiao-Hsien Hou
1149,Andrey Zvyagintsev
1150,Tony Jaa
1151,Ryûhei Kitamura
1152,Darrell Roodt
1153,Dito Montiel
1154,Stefan Ruzowitzky
1155,Jake Paltrow
1156,Juraj Jakubisko
1157,Anthony Silverston
1158,Gabe Ibáñez
1159,Gerry Lively
1160,Daniele Luchetti
1161,Tung-Shing Yee
1162,Julien Temple
1163,Gregory Jacobs
1164,Gilles Paquet-Brenner
1165,Peter Cousens
1166,Lars von Trier
1167,John Blanchard
1168,John Cornell
1169,Vidhu Vinod Chopra
1170,Jamie Blanks
1171,Randal Kleiser
1172,Rick Famuyiwa
1173,Alan Cohn
1174,Franco Zeffirelli
1175,Tom Holland
1176,James Isaac
1177,Emilio Estevez
1178,Josh Schwartz
1179,Julian Schnabel
1180,Todd Field
1181,Davis Guggenheim
1182,Stephen Carpenter
1183,James Fargo
1184,Alain Resnais
1185,Chao-Bin Su
1186,Kenneth Lonergan
1187,Bo Zenga
1188,Danny Leiner
1189,Christopher Cain
1190,Theodore Melfi
1191,Ed Decter
1192,Gene Quintano
1193,Eric Bress
1194,Preston A. Whitmore II
1195,Kirk Wong
1196,Bronwen Hughes
1197,John Lafia
1198,Sam Miller
1199,Alex Garland
1200,Mark Brown
1201,Michael Polish
1202,Daisy von Scherler Mayer
1203,Lenny Abrahamson
1204,Bob Saget
1205,John Waters
1206,Craig Bolotin
1207,Mark Christopher
1208,Blair Hayes
1209,Jez Butterworth
1210,Olivier Assayas
1211,Patrice Leconte
1212,Paul Mazursky
1213,Stephen Chbosky
1214,Jon Hess
1215,Joe Cornish
1216,John H. Lee
1217,John Stainton
1218,Benedek Fliegauf
1219,Paul Schrader
1220,Stewart Hendler
1221,John Cromwell
1222,Mark Herman
1223,Abel Ferrara
1224,Ethan Maniquis
1225,George Hickenlooper
1226,Je-kyu Kang
1227,William Dear
1228,Stéphane Aubier
1229,John Badham
1230,Mike McCoy
1231,Mike Judge
1232,Tamra Davis
1233,Nima Nourizadeh
1234,Franklin J. Schaffner
1235,John Erick Dowdle
1236,David Moreau
1237,Christopher Erskin
1238,Brian Henson
1239,Dan Cutforth
1240,Josh Boone
1241,Jake Schreier
1242,Cheryl Dunye
1243,Ernest R. Dickerson
1244,Lionel C. Martin
1245,Wallace Wolodarsky
1246,Nicholas Jarecki
1247,Dean Israelite
1248,Darnell Martin
1249,Scott Alexander
1250,Stuart Gordon
1251,Christopher Guest
1252,Jane Campion
1253,Fred Schepisi
1254,Antonia Bird
1255,Jon Poll
1256,Paolo Sorrentino
1257,Peter Care
1258,Chan-wook Park
1259,Ira Sachs
1260,Carroll Ballard
1261,Takeshi Kitano
1262,Marco Kreuzpaintner
1263,Lajos Koltai
1264,Alan Rudolph
1265,Chuan Lu
1266,Lijun Sun
1267,Takashi Yamazaki
1268,Christopher Smith
1269,Timothy Hines
1270,David Winters
1271,Akira Kurosawa
1272,Jamie Thraves
1273,Mabel Cheung
1274,Dan Mazer
1275,R.J. Cutler
1276,David S. Ward
1277,Rob Pritts
1278,John Crowley
1279,Brendan Malloy
1280,Dustin Hoffman
1281,Gregory Poirier
1282,Simon Curtis
1283,Dewey Nicks
1284,Philip Saville
1285,Tim Blake Nelson
1286,William A. Graham
1287,Martin Ritt
1288,John Turturro
1289,Agnieszka Holland
1290,David Hackl
1291,Giuliano Montaldo
1292,Lisa Azuelos
1293,Ray Lawrence
1294,Karan Johar
1295,Ruairi Robinson
1296,Jaume Balagueró
1297,Jon Kasdan
1298,Léa Pool
1299,Floyd Mutrux
1300,Sajid Khan
1301,Dean Wright
1302,Eric Lartigau
1303,Shintaro Shimosawa
1304,Darren Lynn Bousman
1305,James DeMonaco
1306,Ken Annakin
1307,Carol Reed
1308,Chuck Sheetz
1309,Marcus Raboy
1310,Leigh Whannell
1311,Michael Schultz
1312,Peter Sollett
1313,Bob Dolman
1314,Greg Coolidge
1315,David Lowery
1316,Ciarán Foy
1317,Salim Akil
1318,Olatunde Osunsanmi
1319,Leon Ichaso
1320,Joseph Zito
1321,Patricia Rozema
1322,Rob Schmidt
1323,Robert Ben Garant
1324,Morgan Spurlock
1325,Neal Brennan
1326,Tuck Tucker
1327,Theodore Witcher
1328,Joel Edgerton
1329,Jim Hanon
1330,Michael Patrick Jann
1331,Jorma Taccone
1332,Jeff Lowell
1333,Lorene Scafaria
1334,Marcus Dunstan
1335,Timothy Björklund
1336,François Girard
1337,Scott Kalvert
1338,Jason Bateman
1339,David Schwimmer
1340,Allan Arkush
1341,Eric Bross
1342,Dan Fogelman
1343,Jay Duplass
1344,Luca Guadagnino
1345,John Putch
1346,Peter Medak
1347,Terence Davies
1348,Harley Cokeliss
1349,Tom Brady
1350,Jason Zada
1351,Noah Baumbach
1352,Eric Blakeney
1353,Rakesh Roshan
1354,Derrick Borte
1355,Richard Kwietniowski
1356,Bob Odenkirk
1357,Joshua Seftel
1358,Vincent Gallo
1359,Claude Chabrol
1360,Jon Stewart
1361,Bigas Luna
1362,Ralph Fiennes
1363,Dan Harris
1364,Mel Smith
1365,Bobcat Goldthwait
1366,Jake Scott
1367,Alan Metter
1368,Rafa Lara
1369,Arthur Hiller
1370,Michael Meredith
1371,Julio DePietro
1372,Katherine Dieckmann
1373,Kim Farrant
1374,Scott Marshall
1375,Álex de la Iglesia
1376,Andrew Traucki
1377,Michael Clancy
1378,Robert Adetuyi
1379,Kari Skogland
1380,Taedong Park
1381,Benedikt Erlingsson
1382,Gurinder Chadha
1383,Jason Connery
1384,Vic Sarin
1385,Jim Issa
1386,William Phillips
1387,Andy Garcia
1388,Sarik Andreasyan
1389,Julian Gilbey
1390,Gary Sherman
1391,Valeri Milev
1392,Stanley Kramer
1393,Pedro Almodóvar
1394,Gerald Potterton
1395,Anurag Basu
1396,Kriv Stenders
1397,Yash Chopra
1398,Floria Sigismondi
1399,Ferzan Ozpetek
1400,Kris Isacsson
1401,Ben Younger
1402,Daniel Taplitz
1403,Tamara Jenkins
1404,Linda Mendoza
1405,Hart Bochner
1406,Stewart Raffill
1407,Hong-jin Na
1408,Chatrichalerm Yukol
1409,Dario Argento
1410,Eric Lavaine
1411,Marc Forby
1412,Ole Christian Madsen
1413,Meiert Avis
1414,André Téchiné
1415,Emily Young
1416,Peter Faiman
1417,Martyn Pick
1418,Roland Suso Richter
1419,Jeremy Sims
1420,Maïwenn
1421,Joby Harold
1422,Ekachai Uekrongtham
1423,Mark Rydell
1424,David E. Talbert
1425,Roger Vadim
1426,Nils Gaup
1427,Ari Sandel
1428,Vondie Curtis-Hall
1429,Tom Elkins
1430,Woo-Suk Kang
1431,John Sayles
1432,Vipul Amrutlal Shah
1433,Ken Loach
1434,Ayan Mukerji
1435,Mervyn LeRoy
1436,Serdar Akar
1437,James Frawley
1438,Dan Gilroy
1439,Jonathan Dayton
1440,Chris Stokes
1441,Don Siegel
1442,Martin Lawrence
1443,Masayuki Ochiai
1444,Tom Gormican
1445,Ken Shapiro
1446,Justin Tipping
1447,Peter R. Hunt
1448,Doug Atchison
1449,Jonas Elmer
1450,Mary Harron
1451,Erik Canuel
1452,Troy Duffy
1453,Nicole Holofcener
1454,Matty Rich
1455,Fina Torres
1456,Duke Johnson
1457,François Ozon
1458,Anna Boden
1459,Steve James
1460,Michael Winner
1461,Tomm Moore
1462,John Carney
1463,David Jacobson
1464,Michael Corrente
1465,Edward Hall
1466,Keith Gordon
1467,Andrew Currie
1468,Andrew Wilson
1469,Marc Schölermann
1470,Robert Moresco
1471,Thomas Vinterberg
1472,Claudia Llosa
1473,Charles Binamé
1474,Keith Parmer
1475,Ol Parker
1476,James Nunn
1477,David Webb Peoples
1478,Michael Winnick
1479,Stanley Tong
1480,David Oelhoffen
1481,Eli Roth
1482,Tony Richardson
1483,Charles Robert Carner
1484,Russell Holt
1485,Claude Miller
1486,Sacha Bennett
1487,Rodrigo García
1488,Jeta Amata
1489,Siddharth Anand
1490,Vincent Paronnaud
1491,Dennis Gansel
1492,Daniel Barber
1493,Robert Marcarelli
1494,Ernie Barbarash
1495,Guy Hamilton
1496,Adam Brooks
1497,Michael Anderson
1498,Don Kempf
1499,Matt Bettinelli-Olpin
1500,Sharron Miller
1501,Aaron Schneider
1502,Tom Ford
1503,Tony Maylam
1504,Mitch Davis
1505,Kevin Brodie
1506,Lynne Ramsay
1507,John Stephenson
1508,Tim Chambers
1509,Dick Richards
1510,Bob Gosse
1511,Alex Zamm
1512,Spencer Susser
1513,Thaddeus O'Sullivan
1514,Shari Springer Berman
1515,Aleksey German
1516,Stephen Milburn Anderson
1517,Richard E. Grant
1518,David Lam
1519,Vladlen Barbe
1520,Richard Rich
1521,Robert C. Cooper
1522,Kim Nguyen
1523,Jackie Earle Haley
1524,Max Färberböck
1525,Arie Posin
1526,Damian Nieman
1527,Mark Tonderai
1528,Ian Fitzgibbon
1529,Rachel Perkins
1530,Luis Valdez
1531,Alan Alda
1532,Louis Morneau
1533,Caroline Link
1534,Sterling Van Wagenen
1535,Zal Batmanglij
1536,Hans Petter Moland
1537,Oren Moverman
1538,Ian Sharp
1539,Wolfgang Becker
1540,Dan O'Bannon
1541,George Roy Hill
1542,Robert Stevenson
1543,Jerome Robbins
1544,Gary Hardwick
1545,King Vidor
1546,Fred Savage
1547,Sammo Kam-Bo Hung
1548,Rusty Cundieff
1549,Dominique Othenin-Girard
1550,Jean-Jacques Mantello
1551,Risa Bramon Garcia
1552,Brian Klugman
1553,Matt Piedmont
1554,Raymond De Felitta
1555,John Michael McDonagh
1556,Deb Hagan
1557,Zach Cregger
1558,Zach Braff
1559,Mark Tarlov
1560,John Cameron Mitchell
1561,Jon Knautz
1562,David Atkins
1563,Patrick Stettner
1564,Sam Peckinpah
1565,Michael Crichton
1566,Sylvio Tabet
1567,Rick Bieber
1568,Joey Lauren Adams
1569,Fred Zinnemann
1570,S.R. Bindler
1571,Greg Marcks
1572,Perry Lang
1573,Jake Goldberger
1574,William Kaufman
1575,Cédric Klapisch
1576,Kate Barker-Froyland
1577,Martin Koolhoven
1578,Charles Matthau
1579,Christopher M. Bessette
1580,Prachya Pinkaew
1581,Gary Sinyor
1582,Ashish R. Mohan
1583,Darren Grant
1584,Joseph Gordon-Levitt
1585,William Sachs
1586,Christophe Barratier
1587,Émile Gaudreault
1588,James Cox
1589,James Toback
1590,Aki Kaurismäki
1591,Hitoshi Matsumoto
1592,Rakeysh Omprakash Mehra
1593,Collin Schiffli
1594,George Ratliff
1595,Shane Meadows
1596,Jon Wright
1597,Michael McGowan
1598,Liv Ullmann
1599,Rohan Sippy
1600,Dan Trachtenberg
1601,David F. Sandberg
1602,Stiles White
1603,Eugenio Derbez
1604,Henry Koster
1605,Patty Jenkins
1606,Christopher Landon
1607,David Gelb
1608,Mike Flanagan
1609,Nat Faxon
1610,George Jackson
1611,Maurice Joyce
1612,Robert Duvall
1613,Frank Perry
1614,Jesse Peretz
1615,Ice Cube
1616,Richard Glatzer
1617,Michael Curtiz
1618,Bruce Malmuth
1619,Rob Hedden
1620,Harmony Korine
1621,Joe Chappelle
1622,Mickey Liddell
1623,Fred Walton
1624,Steve Carver
1625,Gonzalo López-Gallego
1626,Christine Jeffs
1627,Don Coscarelli
1628,Michael Tiddes
1629,Bill Duke
1630,Frank Borzage
1631,Mamoru Hosoda
1632,Brian Dannelly
1633,Denys Arcand
1634,J.S. Cardone
1635,Jay Levey
1636,Nicholaus Goossen
1637,Ronan Chapalain
1638,Xavier Beauvois
1639,Randall Miller
1640,Jerry Belson
1641,Dan Rush
1642,Michael Cuesta
1643,Fenton Bailey
1644,Jeremy Saulnier
1645,Billy Kent
1646,James Manera
1647,Feroz Abbas Khan
1648,Errol Morris
1649,Dennis Hopper
1650,Eli Craig
1651,Nicholas Fackler
1652,Richard Wallace
1653,Morgan J. Freeman
1654,Matthew Hastings
1655,Klaus Menzel
1656,Oren Peli
1657,Paul Andrew Williams
1658,Jim Amatulli
1659,William H. Macy
1660,Barrett Esposito
1661,Vicky Jewson
1662,Marc Bennett
1663,Mike Mayhall
1664,Stanton Barrett
1665,Jirí Menzel
1666,Fatih Akin
1667,Nick Murphy
1668,Frank LaLoggia
1669,Jeremy Brock
1670,Scott Foley
1671,Christophe Ali
1672,Gabriela Tagliavini
1673,Shekar
1674,Shona Auerbach
1675,Leonard Farlinger
1676,Michel Leclerc
1677,Analeine Cal y Mayor
1678,Tom Kalin
1679,Robert Sarkies
1680,John Huston
1681,Walter Lang
1682,Carlos Saura
1683,Andrew Erwin
1684,Beto Gómez
1685,Mike van Diem
1686,Jonas Åkerlund
1687,Todd Solondz
1688,René Féret
1689,Barry Skolnick
1690,Johnnie To
1691,Mateo Gil
1692,Lukas Moodysson
1693,Agnieszka Wojtowicz-Vosloo
1694,Kabir Sadanand
1695,Peter DeLuise
1696,Raja Menon
1697,Nick Love
1698,R. Balki
1699,Ivan Engler
1700,Cecil B. DeMille
1701,Henry Hobson
1702,Mike Figgis
1703,Duane Journey
1704,Billy Wilder
1705,Lisa Cholodenko
1706,John Sturges
1707,William Arntz
1708,Ed Gass-Donnelly
1709,DJ Pooh
1710,James Melkonian
1711,Roger Avary
1712,Allison Anders
1713,Rick de Oliveira
1714,Jeff Franklin
1715,Mike Mills
1716,Dave McKean
1717,Ron Fricke
1718,Ruggero Deodato
1719,Gavin Wiesen
1720,Mora Stephens
1721,Mars Callahan
1722,Leos Carax
1723,Stefan Schwartz
1724,Robert Lee King
1725,Jorge Ramírez Suárez
1726,Dan Ireland
1727,Fernando León de Aranoa
1728,Jim Mickle
1729,Karim Aïnouz
1730,Sam Levinson
1731,Aleksandr Veledinskiy
1732,Peter H. Hunt
1733,Ruba Nadda
1734,Howard Hughes
1735,Edward Burns
1736,Sean Byrne
1737,Mark Griffiths
1738,Bruce Macdonald
1739,Victor Fleming
1740,Richard Raymond
1741,Alan Jacobs
1742,George Sidney
1743,Christopher Morris
1744,Andrucha Waddington
1745,Peter Stebbings
1746,Vincente Minnelli
1747,Dagur Kári
1748,Jim Abrahams
1749,Kevin Carraway
1750,Michael Gornick
1751,Richard Brooks
1752,Robert Eggers
1753,Michael Martin
1754,Gideon Raff
1755,Louis C.K.
1756,Anthony C. Ferrante
1757,Salvador Carrasco
1758,André Øvredal
1759,Robert Cary
1760,Adam Rapp
1761,Warren P. Sonoda
1762,Amanda Gusack
1763,Avi Nesher
1764,Charles Adelman
1765,Jay Oliva
1766,Charles Ferguson
1767,Mark Young
1768,Daniel Petrie Jr.
1769,Antonio Simoncini
1770,Luc Jacquet
1771,Eldar Rapaport
1772,Clark Gregg
1773,Damien Chazelle
1774,Justin Kerrigan
1775,Nathan Frankowski
1776,Karen Moncrieff
1777,Jennifer Finnigan
1778,Eric Styles
1779,Laurent Cantet
1780,John Ford
1781,Max Mayer
1782,Joshua Marston
1783,John Gulager
1784,Brandon Cronenberg
1785,Frank Capra
1786,Tod Williams
1787,Jack Sholder
1788,Ted Post
1789,Kunihiko Yuyama
1790,Tom McLoughlin
1791,Adam Marcus
1792,John Maclean
1793,Benny Boom
1794,Howard Hawks
1795,Nnegest Likké
1796,Christopher Leitch
1797,Patricia Cardoso
1798,Damien O'Donnell
1799,Peter M. Cohen
1800,Mel Stuart
1801,Anthony Hickox
1802,Tom Schulman
1803,Jill Sprecher
1804,Darren Stein
1805,David Nixon
1806,Jason Eisener
1807,Enrique Begne
1808,Matthew Bright
1809,Michael Landon Jr.
1810,Andrea Arnold
1811,Whit Stillman
1812,Leslye Headland
1813,Bobby Roth
1814,Tim Heidecker
1815,Kate Connor
1816,Deon Taylor
1817,Jason Alexander
1818,Conor McPherson
1819,Will Canon
1820,Philip Zlotorynski
1821,Lance Kawas
1822,Francesca Gregorini
1823,Marcio Garcia
1824,Craig Moss
1825,Michael Jai White
1826,Paolo Monico
1827,Youssef Delara
1828,Darin Scott
1829,Christian Sesma
1830,Monte Hellman
1831,Brian Caunter
1832,Chris D'Arienzo
1833,Isaac Florentine
1834,Susan Seidelman
1835,Heidi Ewing
1836,Leon Ford
1837,Hank Braxtan
1838,John Carl Buechler
1839,Rajkumar Hirani
1840,Victor Nunez
1841,Rohit Jugraj
1842,Thorbjørn Christoffersen
1843,Alex van Warmerdam
1844,Pawel Pawlikowski
1845,Frank Sebastiano
1846,Stacy Peralta
1847,Nacho Vigalondo
1848,Hao Ning
1849,Tony Giglio
1850,Stanley Donen
1851,Joe Cross
1852,Dinesh D'Souza
1853,Tommy Lee Wallace
1854,Don Taylor
1855,Leslie Small
1856,Éric Tessier
1857,Alison Maclean
1858,Alice Wu
1859,Sarah Gavron
1860,Isabel Coixet
1861,James Ponsoldt
1862,Joshua Tickell
1863,Tim Boxell
1864,Michael D. Sellers
1865,Reed Cowan
1866,James Dodson
1867,Alex Rivera
1868,John Murlowski
1869,Benni Diez
1870,Danny Perez
1871,Robby Henson
1872,Zackary Adler
1873,Dominic Burns
1874,Carmen Marron
1875,Jason Stone
1876,Jerry Rees
1877,Jaco Booyens
1878,Danny Steinmann
1879,Jon Gunn
1880,Hayley Cloake
1881,Tay Garnett
1882,Shyam Madiraju
1883,Harmage Singh Kalirai
1884,Rita Merson
1885,William Wyler
1886,Larry Clark
1887,Petter Næss
1888,Robert Fontaine
1889,Dan Perri
1890,Neil Mcenery-West
1891,Anthony O'Brien
1892,Michael Herz
1893,David Robert Mitchell
1894,Robert Mulligan
1895,Chia-Liang Liu
1896,Chris Kentis
1897,Alex Kendrick
1898,Robert Rossen
1899,Jack Conway
1900,Sylvain Chomet
1901,Chris Eyre
1902,Elia Kazan
1903,Debra Granik
1904,Henry King
1905,Miranda July
1906,Max Joseph
1907,Jim Jarmusch
1908,Kevin Tenney
1909,Ari Folman
1910,Gary Rogers
1911,Marielle Heller
1912,David Sington
1913,Kelly Reichardt
1914,Bob Giraldi
1915,Huck Botko
1916,David Duchovny
1917,Mitchell Lichtenstein
1918,Lance Mungia
1919,Kundan Shah
1920,Hue Rhodes
1921,Jugal Hansraj
1922,Danny Provenzano
1923,Bill Muir
1924,Noah Buschel
1925,Brian Yuzna
1926,Hunter Richards
1927,Laurie Collyer
1928,Aaron Hann
1929,Phil Claydon
1930,Ralph Ziman
1931,John Simpson
1932,Colin Minihan
1933,Conor McMahon
1934,Chris Shadley
1935,Simon Napier-Bell
1936,Simon Yin
1937,Jeff Crook
1938,Orson Welles
1939,Dave Payne
1940,Brad Copeland
1941,Paul Bunnell
1942,Phil Morrison
1943,Harald Reinl
1944,Tanner Beard
1945,Scott Dow
1946,Derick Martini
1947,Jerry Dugan
1948,Tim Hunter
1949,Richard Ayoade
1950,Jehane Noujaim
1951,Pascal Arnold
1952,Remo
1953,John Laing
1954,Jamal Hill
1955,Daniel Stamm
1956,Carlos Carrera
1957,Benh Zeitlin
1958,J. Lee Thompson
1959,Maggie Greenwald
1960,Vera Farmiga
1961,Vijay Chandar
1962,Jonathan Wacks
1963,Khyentse Norbu
1964,Tony Krantz
1965,Mitchell Altieri
1966,W.D. Hogan
1967,Corey Grant
1968,Lucky McKee
1969,Richard Boddington
1970,David Hunt
1971,Steven R. Monroe
1972,Mark Illsley
1973,Ritesh Batra
1974,Sally Potter
1975,Brad J. Silverman
1976,Dave Meyers
1977,David M. Matthews
1978,Nadine Labaki
1979,Lluís Quílez
1980,Eytan Fox
1981,Romesh Sharma
1982,François Truffaut
1983,Adam Goldberg
1984,Travis Zariwny
1985,Adrienne Shelly
1986,Newt Arnold
1987,Alex Cox
1988,Fabián Bielinsky
1989,Dror Moreh
1990,Rebecca Miller
1991,Maggie Carey
1992,Henry Bean
1993,Simeon Rice
1994,Jeff Garlin
1995,Qasim Basir
1996,Adam Green
1997,Charles Chaplin
1998,Pete Jones
1999,Bruce Campbell
2000,Adam Carolla
2001,Bruce McDonald
2002,James Mottern
2003,Jaime Zevallos
2004,Gerard Johnstone
2005,Robert Greenwald
2006,David Ray
2007,Dave Rodriguez
2008,Nae Caranfil
2009,David Winning
2010,Frank Lotito
2011,Timothy Woodward Jr.
2012,Tara Subkoff
2013,Russell Friedenberg
2014,William Cottrell
2015,Lucrecia Martel
2016,Edward Dmytryk
2017,Zak Penn
2018,Alex Ranarivelo
2019,Mathieu Amalric
2020,David Worth
2021,Leslie H. Martinson
2022,Robert M. Young
2023,Steve Buscemi
2024,Ham Tran
2025,Rich Cowan
2026,Boris Rodriguez
2027,Sadyk Sher-Niyaz
2028,Paul Donovan
2029,Jonathan Kesselman
2030,Arjun Sablok
2031,Tyler Oliver
2032,Douglas Cheek
2033,Deryck Broom
2034,Henry Hathaway
2035,Giovanni Zelko
2036,Claudia Sainte-Luce
2037,Jamie Babbit
2038,David Boyd
2039,Anna Muylaert
2040,Steve Taylor
2041,Kurt Voss
2042,James David Pasternak
2043,Laurent Bouhnik
2044,Tom Sanchez
2045,David Caffrey
2046,Adam Jay Epstein
2047,Justin Thomas Ostensen
2048,Brenton Spencer
2049,Ossie Davis
2050,Jay Alaimo
2051,Dylan Bank
2052,Rob McKittrick
2053,Jeff Burr
2054,Harry Gantz
2055,Guy Maddin
2056,Regardt van den Bergh
2057,Panos Cosmatos
2058,Gareth Evans
2059,Matthew R. Anderson
2060,Joe Marino
2061,Joel Anderson
2062,Shimit Amin
2063,Douglas Trumbull
2064,Mona Fastvold
2065,Levan Gabriadze
2066,Bradley Parker
2067,Clive Barker
2068,Harold Cronk
2069,Takao Okawara
2070,Duncan Tucker
2071,Russ Meyer
2072,Robert D. Webb
2073,Allan Dwan
2074,Andrew Steggall
2075,Ben Lewin
2076,Robert Kenner
2077,Craig Johnson
2078,Sean Durkin
2079,Gillian Robespierre
2080,Courtney Hunt
2081,Morgan Neville
2082,Chris Paine
2083,Greg Berlanti
2084,Marc Levin
2085,Richard Dutcher
2086,Khalid Mohamed
2087,Finn Taylor
2088,José Luis Valenzuela
2089,Gia Coppola
2090,Scandar Copti
2091,Goran Dukic
2092,Mike Cahill
2093,Efram Potelle
2094,Joshua Oppenheimer
2095,Alex Gibney
2096,Paul Crowder
2097,Rohit Jagessar
2098,Anthony Powell
2099,Kief Davidson
2100,Johnny Remo
2101,Vivek Agnihotri
2102,Ti West
2103,Nick Tomnay
2104,Nickolas Perry
2105,Dan Zukovic
2106,Becky Smith
2107,Eric Nicholas
2108,Benjamin Dickinson
2109,Hal Haberman
2110,A. Raven Cruz
2111,Frank Whaley
2112,Amat Escalante
2113,Wajahat Rauf
2114,Katherine Brooks
2115,David Cross
2116,Randall Rubin
2117,Robert Bennett
2118,Mary Pat Kelly
2119,Lori Petty
2120,Charlie Levi
2121,Kevin Hamedani
2122,David DeCoteau
2123,Mikel Rueda
2124,Stefan C. Schaefer
2125,Michael Taliferro
2126,Katie Aselton
2127,Robert Heath
2128,D. Stevens
2129,Jeffrey St. Jules
2130,Robert Hall
2131,K. King
2132,Jonathan Meyers
2133,Ralph Nelson
2134,Blair Erickson
2135,Allison Burnett
2136,Richard Schenkman
2137,Sanjay Rawal
2138,Kat Coiro
2139,Cristian Mungiu
2140,Brian Dorton
2141,Maryam Keshavarz
2142,Ramaa Mosley
2143,C. Jay Cox
2144,Mariette Monpierre
2145,Tommy Oliver
2146,Jamie Travis
2147,Rich Christiano
2148,Natalie Bible'
2149,Asghar Farhadi
2150,Justin Molotnikov
2151,Georg Wilhelm Pabst
2152,Daniel Davila
2153,Jorge Gaggero
2154,Michael Burke
2155,Catherine Jelski
2156,Shane Dawson
2157,Ryan Little
2158,Clark Baker
2159,Matt Maiellaro
2160,Ben Wheatley
2161,Oliver Blackburn
2162,Christopher Hutson
2163,David LaChapelle
2164,Caryn Waechter
2165,Emily Dell
2166,Ryan Fleck
2167,Jennifer Wynne Farmer
2168,Christopher Scott Cherot
2169,H.M. Coakley
2170,Randy Moore
2171,Chris Atkins
2172,Bill Benenson
2173,Ryan Smith
2174,Travis Romero
2175,Anna Mastro
2176,Mark Sandrich
2177,Daniel Myrick
2178,Michael Wadleigh
2179,Gene Teigland
2180,Scott Ziehl
2181,Richard Montoya
2182,Johanna Schwartz
2183,William Gazecki
2184,Lance McDaniel
2185,Thomas Lilti
2186,Michael Walker
2187,U. Roberto Romano
2188,Amy Holden Jones
2189,Blaz Zavrsnik
2190,Pan Nalin
2191,Joe Camp
2192,Matt Walsh
2193,John 'Bud' Cardos
2194,Marilyn Agrelo
2195,Brian Baugh
2196,Patrick Creadon
2197,Barry W. Blaustein
2198,Kurt Hale
2199,Siddiq Barmak
2200,Joseph Dorman
2201,Greg Harrison
2202,Jacob Aaron Estes
2203,Eric Schaeffer
2204,Neema Barnette
2205,Joe Swanberg
2206,Molly Bernstein
2207,Marius A. Markevicius
2208,Tom DiCillo
2209,Quentin Dupieux
2210,Alex Smith
2211,Gareth Edwards
2212,Jonathan Parker
2213,Sol Tryon
2214,Alex Craig Mann
2215,Stephen Kijak
2216,Daston Kalili
2217,Michael Hoffman Jr.
2218,Patrick Gilles
2219,Georgia Hilton
2220,Jack Heller
2221,Fernando Baez Mella
2222,Warren Sheppard
2223,Justin Paul Miller
2224,Joel Paul Reisig
2225,Catherine Gund
2226,Luke Dye
2227,Alec Asten
2228,Hans Canosa
2229,Lloyd Kaufman
2230,Matthew Watts
2231,Lloyd Bacon
2232,Joe Kenemore
2233,Kay Pollak
2234,Eric England
2235,Sue Corcoran
2236,Jonathan Caouette
2237,Ray Griggs
2238,Matt Jackson
2239,Lucio Fulci
2240,Paul Fox
2241,Ari Kirschenbaum
2242,Cassandra Nicolaou
2243,Ingmar Bergman
2244,D.W. Griffith
2245,Roger Nygard
2246,Harry Beaumont
2247,Franck Khalfoun
2248,Mor Loushy
2249,Henry Alex Rubin
2250,Sam Firstenberg
2251,Doug Block
2252,Chad Kapper
2253,Paul Fierlinger
2254,Yorgos Lanthimos
2255,Lauren Lazin
2256,Gregory Widen
2257,Niall Johnson
2258,Eric Mendelsohn
2259,Jean-Luc Godard
2260,Florence Ayisi
2261,Michael Roemer
2262,Eddie O'Flaherty
2263,Babar Ahmed
2264,John D. Hancock
2265,Paul Bartel
2266,Bruce Dellis
2267,Pece Dingo
2268,Jerome Elston Scott
2269,Étienne Faure
2270,Herb Freed
2271,Jack Perez
2272,Craig Zobel
2273,Ken Del Conte
2274,Maria Maggenti
2275,Piyush Dinker Pandya
2276,Daniel Columbie
2277,Emma-Kate Croghan
2278,Bill Plympton
2279,Drake Doremus
2280,Al Franklin
2281,Michael Kang
2282,Lori Silverbush
2283,Stuart Hazeldine
2284,Hilary Brougher
2285,Rachel Goldenberg
2286,Corbin Bernsen
2287,Jamin Winans
2288,Tom Seidman
2289,Jason Naumann
2290,Matt Cimber
2291,Sam Martin
2292,Andrew Hyatt
2293,Kristin Rizzo
2294,Ward Roberts
2295,Zoran Lisinac
2296,James O'Brien
2297,Tom Putnam
2298,Jon Shear
2299,Al Silliman Jr.
2300,Eugène Lourié
2301,Lowell Sherman
2302,Maurizio Benazzo
2303,David G. Evans
2304,Sherman Alexie
2305,Justin Dillon
2306,Stevan Mena
2307,Livingston Oden
2308,Chris Marker
2309,Carl Theodor Dreyer
2310,Marianna Palka
2311,Ricki Stern
2312,Nadia Tass
2313,James Kerwin
2314,C. Fraser Press
2315,Rania Attieh
2316,Sharon Greytak
2317,Majid Majidi
2318,Andrew Haigh
2319,Cary Bell
2320,Nicolae Constantin Tanase
2321,Melvin Van Peebles
2322,Ken Roht
2323,Robinson Devor
2324,Michel Orion Scott
2325,Pat Holden
2326,Eric Bugbee
2327,Bill Melendez
2328,Dena Seidel
2329,Deborah Anderson
2330,Sara Newens
2331,Sai Varadan
2332,Amal Al-Agroobi
2333,Andrew Berends
2334,Lynn Shelton
2335,Valentine
2336,David Hewlett
2337,Nate Parker
2338,Nathan Smith Jones
2339,Travis Cluff
2340,Harry F. Millarde
2341,Robert Townsend
2342,Jamaa Fanaka
2343,Larry Blamire
2344,Stephen Langford
2345,E.L. Katz
2346,Lisanne Pajot
2347,Dan Reed
2348,John Reinhardt
2349,Patrick Ryan Sims
2350,Laslo Benedek
2351,Jason Miller
2352,Sut Jhally
2353,Julie Davis
2354,Myles Berkowitz
2355,Brett Piper
2356,Brandon Trost
2357,Joseph Green
2358,Wade Gasque
2359,Daniel Schechter
2360,Matt Johnson
2361,Bruno Barreto
2362,Lena Dunham
2363,Terron R. Parsons
2364,Daniel Mellitz
2365,Jem Cohen
2366,Andrew Leman
2367,Dave Carroll
2368,William Eubank
2369,Patrick Meaney
2370,Chad Hartigan
2371,Malcolm Goodwin
2372,Kevin Jordan
2373,Kirk Loudon
2374,Travis Legge
2375,Collin Joseph Neal
2376,Bradley Rust Gray
2377,Mike Bruce
2378,Andrew Bujalski
2379,Damir Catic
2380,James Bidgood
2381,Eric Eason
2382,Joseph Mazzella
2383,Marcus Nispel
2384,Brandon Landers
2385,Jim Chuchu
2386,Daryl Wein
2387,Jason Trost
2388,Jafar Panahi
2389,Ivan Kavanagh
2390,Kiyoshi Kurosawa
2391,Tadeo Garcia
2392,Thomas L. Phillips
2393,Ash Baron-Cohen
2394,Shane Carruth
2395,Neill Dela Llana
2396,Anthony Vallone
2397,Scott Smith
2398,Benjamin Roberds
2399,Daniel Hsia
2400,Anthony Shim
2401,François Bouvier
2402,Charles-Émile Lafrance
2403,Aaron Horvath
2404,John Stevenson
2405,Makoto Shinkai
2406,Julius Avery
2407,Bong Joon-ho
2408,Nedda Sarshar
2409,Connie Cocchia
